cell_id,config,condition,dominant,retention_end,R_s,R_ct,peak_negZim,f_peak,Zre_lo,negZim_lo,eps_am_n,eps_am_p,eps_n,L_sei,roughness,LLI_pct,status
SEI_ec__mild_25C,SEI_ec,mild_25C,SEI,0.6714,0.00656789,0.145516,0.0716449,8.37678,0.156815,0.00578395,0.75,0.665,0.25,2.01809e-06,1,24.8485,ok
SEI_ec__hot_45C,SEI_ec,hot_45C,SEI,0.4844,0.00656791,0.213131,0.106788,8.37678,0.227359,0.00829099,0.75,0.665,0.25,3.12774e-06,1,38.5454,ok
SEI_ec__cold_10C_fast,SEI_ec,cold_10C_fast,SEI,0.7662,0.00656787,0.107786,0.0526785,11.9378,0.119528,0.00686829,0.75,0.665,0.25,1.39083e-06,1,17.106,ok
SEI_solvent__mild_25C,SEI_solvent,mild_25C,SEI,0.9977,0.00656778,0.0260317,0.0120426,11.9378,0.0365852,0.00660651,0.75,0.665,0.25,1.8711e-08,1,0.169241,ok
SEI_solvent__hot_45C,SEI_solvent,hot_45C,SEI,0.9960,0.00656778,0.0266194,0.0123359,11.9378,0.0369364,0.00628965,0.75,0.665,0.25,2.86111e-08,1,0.291443,ok
SEI_solvent__cold_10C_fast,SEI_solvent,cold_10C_fast,SEI,0.9987,0.00656778,0.0256807,0.0118677,11.9378,0.0364614,0.00690885,0.75,0.665,0.25,1.28075e-08,1,0.0963713,ok
plating_irr__mild_25C,plating_irr,mild_25C,plating,0.3122,0.00656776,0.036444,0.0172887,8.37678,0.0488227,0.00763635,0.75,0.665,0.25,3.75632e-08,1,51.4852,ok
plating_irr__hot_45C,plating_irr,hot_45C,plating,0.3413,0.00656776,0.0361423,0.0171932,8.37678,0.0479898,0.00716028,0.75,0.665,0.25,5.36214e-08,1,48.7494,ok
plating_irr__cold_10C_fast,plating_irr,cold_10C_fast,plating,0.2843,0.00656775,0.0375895,0.017747,8.37678,0.0498458,0.00766114,0.75,0.665,0.25,2.87905e-08,1,54.816,ok
plating_pr__mild_25C,plating_pr,mild_25C,plating,0.9958,0.00656778,0.0260394,0.0120456,11.9378,0.0363304,0.00626276,0.75,0.665,0.25,1.87279e-08,1,0.473102,ok
plating_pr__hot_45C,plating_pr,hot_45C,SEI,0.9954,0.00656778,0.0266212,0.0123368,11.9378,0.0369599,0.00631959,0.75,0.665,0.25,2.8584e-08,1,0.512818,ok
plating_pr__cold_10C_fast,plating_pr,cold_10C_fast,plating,0.9919,0.00656778,0.0256902,0.0118726,11.9378,0.0365901,0.0070703,0.75,0.665,0.25,1.28031e-08,1,0.798742,ok
LAM_strong__mild_25C,LAM_strong,mild_25C,LAM,0.6778,0.00656782,0.044,0.0207701,11.9378,0.0562855,0.00876269,0.457911,0.610909,0.25,2.41745e-08,1,18.2409,ok
LAM_strong__hot_45C,LAM_strong,hot_45C,LAM,0.9525,0.0065678,0.028651,0.013319,11.9378,0.0393426,0.0067153,0.696798,0.644641,0.25,2.88956e-08,1,4.25469,ok
LAM_strong__cold_10C_fast,LAM_strong,cold_10C_fast,LAM,0.0523,0.00656803,1.15107,0.591156,5.87802,1.36875,0.2218,0.0348988,0.583176,0.25,1.50019e-07,1,43.1459,ok
LAM_mild__mild_25C,LAM_mild,mild_25C,LAM,0.9436,0.00656779,0.0286968,0.013347,11.9378,0.0397503,0.00712317,0.678874,0.647664,0.25,1.89815e-08,1,4.73837,ok
LAM_mild__hot_45C,LAM_mild,hot_45C,LAM,0.9836,0.00656779,0.0271316,0.0125862,11.9378,0.0384653,0.00763648,0.734717,0.659005,0.25,2.82394e-08,1,1.4318,ok
LAM_mild__cold_10C_fast,LAM_mild,cold_10C_fast,LAM,0.6710,0.00656782,0.043951,0.0207567,8.37678,0.0577987,0.010841,0.4532,0.604071,0.25,1.65159e-08,1,19.5256,ok
cracks_strong__mild_25C,cracks_strong,mild_25C,cracks,0.9978,0.00656778,0.0260012,0.0120274,11.9378,0.0365719,0.00662942,0.75,0.665,0.25,1.81984e-08,5.35162,0.162914,ok
cracks_strong__hot_45C,cracks_strong,hot_45C,cracks,0.9961,0.00656778,0.026599,0.0123257,11.9378,0.0369212,0.00629662,0.75,0.665,0.25,2.82678e-08,5.30428,0.287205,ok
cracks_strong__cold_10C_fast,cracks_strong,cold_10C_fast,cracks,0.9988,0.00656778,0.0256244,0.0118397,11.9378,0.0364474,0.00696516,0.75,0.665,0.25,1.18607e-08,5.52748,0.0846852,ok
cracks_mild__mild_25C,cracks_mild,mild_25C,cracks,0.9978,0.00656778,0.0259946,0.0120241,11.9378,0.0365691,0.00663448,0.75,0.665,0.25,1.80872e-08,2.93408,0.161541,ok
cracks_mild__hot_45C,cracks_mild,hot_45C,cracks,0.9961,0.00656778,0.0265859,0.0123192,11.9378,0.0369116,0.00630124,0.75,0.665,0.25,2.80473e-08,2.91302,0.284483,ok
cracks_mild__cold_10C_fast,cracks_mild,cold_10C_fast,cracks,0.9988,0.00656778,0.0256202,0.0118376,11.9378,0.0364464,0.00696945,0.75,0.665,0.25,1.17902e-08,3.01227,0.0838138,ok
