cell_id,config,condition,n_cycles,retention_end,dominant,loss_SEI,loss_plating,loss_cracks,LAM_neg_pct,status
SEI_ec__mild_25C,SEI_ec,mild_25C,200,0.6714,SEI,1.8911,0.0000,0.0000,0.000,ok
SEI_ec__hot_45C,SEI_ec,hot_45C,200,0.4844,SEI,2.9336,0.0000,0.0000,0.000,ok
SEI_ec__cold_10C_fast,SEI_ec,cold_10C_fast,200,0.7662,SEI,1.3019,0.0000,0.0000,0.000,ok
SEI_solvent__mild_25C,SEI_solvent,mild_25C,200,0.9977,SEI,0.0129,0.0000,0.0000,0.000,ok
SEI_solvent__hot_45C,SEI_solvent,hot_45C,200,0.9960,SEI,0.0222,0.0000,0.0000,0.000,ok
SEI_solvent__cold_10C_fast,SEI_solvent,cold_10C_fast,200,0.9987,SEI,0.0073,0.0000,0.0000,0.000,ok
plating_irr__mild_25C,plating_irr,mild_25C,200,0.3122,plating,0.0306,3.8878,0.0000,0.000,ok
plating_irr__hot_45C,plating_irr,hot_45C,200,0.3413,plating,0.0457,3.6645,0.0000,0.000,ok
plating_irr__cold_10C_fast,plating_irr,cold_10C_fast,200,0.2843,plating,0.0223,4.1495,0.0000,0.000,ok
plating_pr__mild_25C,plating_pr,mild_25C,200,0.9958,plating,0.0129,0.0231,0.0000,0.000,ok
plating_pr__hot_45C,plating_pr,hot_45C,200,0.9954,SEI,0.0222,0.0169,0.0000,0.000,ok
plating_pr__cold_10C_fast,plating_pr,cold_10C_fast,200,0.9919,plating,0.0073,0.0535,0.0000,0.000,ok
LAM_strong__mild_25C,LAM_strong,mild_25C,200,0.6778,LAM,0.0092,0.0000,0.0000,38.945,ok
LAM_strong__hot_45C,LAM_strong,hot_45C,200,0.9525,LAM,0.0205,0.0000,0.0000,7.094,ok
LAM_strong__cold_10C_fast,LAM_strong,cold_10C_fast,200,0.0523,LAM,0.0019,0.0000,0.0000,95.347,ok
LAM_mild__mild_25C,LAM_mild,mild_25C,200,0.9436,LAM,0.0114,0.0000,0.0000,9.483,ok
LAM_mild__hot_45C,LAM_mild,hot_45C,200,0.9836,LAM,0.0213,0.0000,0.0000,2.038,ok
LAM_mild__cold_10C_fast,LAM_mild,cold_10C_fast,200,0.6710,LAM,0.0047,0.0000,0.0000,39.573,ok
cracks_strong__mild_25C,cracks_strong,mild_25C,200,0.9978,cracks,0.0124,0.0000,0.0711,0.000,ok
cracks_strong__hot_45C,cracks_strong,hot_45C,200,0.9961,cracks,0.0219,0.0000,0.1124,0.000,ok
cracks_strong__cold_10C_fast,cracks_strong,cold_10C_fast,200,0.9988,cracks,0.0064,0.0000,0.0446,0.000,ok
cracks_mild__mild_25C,cracks_mild,mild_25C,200,0.9978,cracks,0.0123,0.0000,0.0314,0.000,ok
cracks_mild__hot_45C,cracks_mild,hot_45C,200,0.9961,cracks,0.0217,0.0000,0.0495,0.000,ok
cracks_mild__cold_10C_fast,cracks_mild,cold_10C_fast,200,0.9988,cracks,0.0064,0.0000,0.0197,0.000,ok
